"description",value,percent,median,std_dev
"total_namespaces",191,100,0.0,0.0
"total_types",2293,12,5.0,23.932165678054083
"total_sloc",119480,52,20.0,112.08379916676982
"total_methods",13593,5,4.0,11.392806142170652
"total_cyclo",23928,10,0.0,0.0
