"description",value,percent,median,std_dev
"total_namespaces",582,100,0.0,0.0
"total_types",6362,10,8.0,12.769342027623217
"total_sloc",505191,79,44.0,108.97572917692501
"total_methods",50197,7,5.0,8.362001203883159
"total_cyclo",60706,9,0.0,0.0
